{
  "export_info": {
    "datasets": [
      "campaigns",
      "ads",
      "sessions",
      "conversions",
      "journey_events"
    ],
    "total_datasets": 5,
    "total_records": 20010,
    "format": "json",
    "export_date": "2025-09-03 07:48:34"
  },
  "dataset_details": [
    {
      "name": "campaigns",
      "filename": "campaigns.json",
      "records": 4002,
      "columns": [
        "campaign_id",
        "name",
        "channel",
        "start_date",
        "end_date",
        "budget",
        "lifetime_spend",
        "total_revenue",
        "roi",
        "target_cpa",
        "status",
        "objective",
        "campaign_manager",
        "created_at",
        "notes"
      ]
    },
    {
      "name": "ads",
      "filename": "ads.json",
      "records": 4002,
      "columns": [
        "ad_id",
        "campaign_id",
        "ad_name",
        "creative_type",
        "platform",
        "placement",
        "impressions",
        "clicks",
        "ctr",
        "spend",
        "avg_cpc",
        "conversions",
        "cpa",
        "start_date",
        "end_date",
        "ad_status",
        "targeting",
        "last_updated"
      ]
    },
    {
      "name": "sessions",
      "filename": "sessions.json",
      "records": 4002,
      "columns": [
        "session_id",
        "visitor_id",
        "campaign_id",
        "ad_id",
        "source_medium",
        "landing_page",
        "session_start",
        "session_end",
        "pages_viewed",
        "bounce",
        "time_on_site_seconds",
        "page_path_sequence",
        "events_count",
        "conversion_flag",
        "device_type",
        "browser"
      ]
    },
    {
      "name": "conversions",
      "filename": "conversions.json",
      "records": 4002,
      "columns": [
        "conversion_id",
        "session_id",
        "visitor_id",
        "campaign_id",
        "ad_id",
        "conversion_time",
        "conversion_type",
        "conversion_value",
        "revenue",
        "attribution_model",
        "attributed_spend",
        "cpa",
        "conversion_channel",
        "is_revenue_confirmed",
        "order_id"
      ]
    },
    {
      "name": "journey_events",
      "filename": "journey_events.json",
      "records": 4002,
      "columns": [
        "event_id",
        "visitor_id",
        "timestamp",
        "event_type",
        "channel",
        "campaign_id",
        "ad_id",
        "session_id",
        "page_url",
        "event_value",
        "touchpoint_order",
        "metadata",
        "platform"
      ]
    }
  ]
}